{
  "Post_Users" : {
    "transaction" : "Post_Users",
    "sampleCount" : 28,
    "errorCount" : 10,
    "errorPct" : 35.714287,
    "meanResTime" : 41935.78571428571,
    "medianResTime" : 36586.0,
    "minResTime" : 11.0,
    "maxResTime" : 122177.0,
    "pct1ResTime" : 120703.2,
    "pct2ResTime" : 122061.35,
    "pct3ResTime" : 122177.0,
    "throughput" : 0.20109452879242734,
    "receivedKBytesPerSec" : 0.2385192081184734,
    "sentKBytesPerSec" : 0.04469079022967868
  },
  "Update_Users" : {
    "transaction" : "Update_Users",
    "sampleCount" : 28,
    "errorCount" : 28,
    "errorPct" : 100.0,
    "meanResTime" : 0.7142857142857142,
    "medianResTime" : 0.0,
    "minResTime" : 0.0,
    "maxResTime" : 20.0,
    "pct1ResTime" : 0.0,
    "pct2ResTime" : 10.999999999999943,
    "pct3ResTime" : 20.0,
    "throughput" : 0.26343519494204426,
    "receivedKBytesPerSec" : 0.3001775688459657,
    "sentKBytesPerSec" : 0.0032433253283531537
  },
  "Debug Sampler" : {
    "transaction" : "Debug Sampler",
    "sampleCount" : 56,
    "errorCount" : 0,
    "errorPct" : 0.0,
    "meanResTime" : 0.0,
    "medianResTime" : 0.0,
    "minResTime" : 0.0,
    "maxResTime" : 0.0,
    "pct1ResTime" : 0.0,
    "pct2ResTime" : 0.0,
    "pct3ResTime" : 0.0,
    "throughput" : 0.5268703898840885,
    "receivedKBytesPerSec" : 0.17517631929286467,
    "sentKBytesPerSec" : 0.0
  },
  "Total" : {
    "transaction" : "Total",
    "sampleCount" : 349,
    "errorCount" : 157,
    "errorPct" : 44.985672,
    "meanResTime" : 27702.544412607454,
    "medianResTime" : 17814.0,
    "minResTime" : 0.0,
    "maxResTime" : 122177.0,
    "pct1ResTime" : 75991.0,
    "pct2ResTime" : 79113.5,
    "pct3ResTime" : 106889.5,
    "throughput" : 2.4757918632284612,
    "receivedKBytesPerSec" : 24.21217561761785,
    "sentKBytesPerSec" : 0.23407988020075904
  },
  "Delete_Users" : {
    "transaction" : "Delete_Users",
    "sampleCount" : 11,
    "errorCount" : 3,
    "errorPct" : 27.272728,
    "meanResTime" : 38097.27272727273,
    "medianResTime" : 21767.0,
    "minResTime" : 14.0,
    "maxResTime" : 82926.0,
    "pct1ResTime" : 82301.8,
    "pct2ResTime" : 82926.0,
    "pct3ResTime" : 82926.0,
    "throughput" : 0.08350667294231966,
    "receivedKBytesPerSec" : 0.07135579963332979,
    "sentKBytesPerSec" : 0.013804103783611436
  },
  "Delete_Tasks" : {
    "transaction" : "Delete_Tasks",
    "sampleCount" : 6,
    "errorCount" : 0,
    "errorPct" : 0.0,
    "meanResTime" : 50307.66666666667,
    "medianResTime" : 74024.5,
    "minResTime" : 9.0,
    "maxResTime" : 77772.0,
    "pct1ResTime" : 77772.0,
    "pct2ResTime" : 77772.0,
    "pct3ResTime" : 77772.0,
    "throughput" : 0.05007553059197623,
    "receivedKBytesPerSec" : 0.009340260100651816,
    "sentKBytesPerSec" : 0.011385988970864387
  },
  "Update_Tasks" : {
    "transaction" : "Update_Tasks",
    "sampleCount" : 28,
    "errorCount" : 28,
    "errorPct" : 100.0,
    "meanResTime" : 381.39285714285717,
    "medianResTime" : 0.0,
    "minResTime" : 0.0,
    "maxResTime" : 10679.0,
    "pct1ResTime" : 0.0,
    "pct2ResTime" : 5873.44999999997,
    "pct3ResTime" : 10679.0,
    "throughput" : 0.2634327164617223,
    "receivedKBytesPerSec" : 0.30017474468195204,
    "sentKBytesPerSec" : 0.0035373045423326968
  },
  "Get_Users" : {
    "transaction" : "Get_Users",
    "sampleCount" : 127,
    "errorCount" : 68,
    "errorPct" : 53.54331,
    "meanResTime" : 44734.645669291334,
    "medianResTime" : 45164.0,
    "minResTime" : 449.0,
    "maxResTime" : 93211.0,
    "pct1ResTime" : 78161.2,
    "pct2ResTime" : 79458.2,
    "pct3ResTime" : 89807.31999999999,
    "throughput" : 0.9009392468999178,
    "receivedKBytesPerSec" : 16.779612447593003,
    "sentKBytesPerSec" : 0.08379106323245651
  },
  "Get_Tasks" : {
    "transaction" : "Get_Tasks",
    "sampleCount" : 51,
    "errorCount" : 18,
    "errorPct" : 35.294117,
    "meanResTime" : 32443.647058823528,
    "medianResTime" : 29784.0,
    "minResTime" : 7.0,
    "maxResTime" : 78695.0,
    "pct1ResTime" : 76310.40000000001,
    "pct2ResTime" : 77184.6,
    "pct3ResTime" : 78695.0,
    "throughput" : 0.36314181756039904,
    "receivedKBytesPerSec" : 6.491535480201651,
    "sentKBytesPerSec" : 0.047040716831267225
  },
  "Post_Tasks" : {
    "transaction" : "Post_Tasks",
    "sampleCount" : 14,
    "errorCount" : 2,
    "errorPct" : 14.285714,
    "meanResTime" : 30460.35714285714,
    "medianResTime" : 25349.5,
    "minResTime" : 218.0,
    "maxResTime" : 81055.0,
    "pct1ResTime" : 80269.5,
    "pct2ResTime" : 81055.0,
    "pct3ResTime" : 81055.0,
    "throughput" : 0.10144045445323595,
    "receivedKBytesPerSec" : 0.07181355833188419,
    "sentKBytesPerSec" : 0.032266215981219024
  }
}