{
  "Post_Users" : {
    "transaction" : "Post_Users",
    "sampleCount" : 356,
    "errorCount" : 118,
    "errorPct" : 33.14607,
    "meanResTime" : 43005.44101123597,
    "medianResTime" : 25415.0,
    "minResTime" : 5.0,
    "maxResTime" : 122795.0,
    "pct1ResTime" : 120593.0,
    "pct2ResTime" : 121394.2,
    "pct3ResTime" : 122704.34,
    "throughput" : 2.6963977338140395,
    "receivedKBytesPerSec" : 2.6959983156981853,
    "sentKBytesPerSec" : 0.6755491732814252
  },
  "Debug Sampler" : {
    "transaction" : "Debug Sampler",
    "sampleCount" : 191,
    "errorCount" : 0,
    "errorPct" : 0.0,
    "meanResTime" : 0.05235602094240836,
    "medianResTime" : 0.0,
    "minResTime" : 0.0,
    "maxResTime" : 1.0,
    "pct1ResTime" : 0.0,
    "pct2ResTime" : 1.0,
    "pct3ResTime" : 1.0,
    "throughput" : 3.46052107113092,
    "receivedKBytesPerSec" : 1.336602908604196,
    "sentKBytesPerSec" : 0.0
  },
  "Update_Users" : {
    "transaction" : "Update_Users",
    "sampleCount" : 127,
    "errorCount" : 13,
    "errorPct" : 10.23622,
    "meanResTime" : 27245.92125984252,
    "medianResTime" : 8979.0,
    "minResTime" : 8.0,
    "maxResTime" : 83069.0,
    "pct1ResTime" : 81017.2,
    "pct2ResTime" : 81188.2,
    "pct3ResTime" : 82559.68,
    "throughput" : 0.9879347496324417,
    "receivedKBytesPerSec" : 0.600738896916399,
    "sentKBytesPerSec" : 0.3064809880903299
  },
  "Total" : {
    "transaction" : "Total",
    "sampleCount" : 2856,
    "errorCount" : 384,
    "errorPct" : 13.445378,
    "meanResTime" : 32404.297969187664,
    "medianResTime" : 26149.5,
    "minResTime" : 0.0,
    "maxResTime" : 122795.0,
    "pct1ResTime" : 75421.3,
    "pct2ResTime" : 81187.6,
    "pct3ResTime" : 120787.73,
    "throughput" : 20.768341368703503,
    "receivedKBytesPerSec" : 389.99376412325387,
    "sentKBytesPerSec" : 4.0981367871790395
  },
  "Delete_Users" : {
    "transaction" : "Delete_Users",
    "sampleCount" : 64,
    "errorCount" : 4,
    "errorPct" : 6.25,
    "meanResTime" : 22614.140625,
    "medianResTime" : 9644.5,
    "minResTime" : 10.0,
    "maxResTime" : 81251.0,
    "pct1ResTime" : 79476.5,
    "pct2ResTime" : 81210.75,
    "pct3ResTime" : 81251.0,
    "throughput" : 0.5218142830353285,
    "receivedKBytesPerSec" : 0.17720792668509322,
    "sentKBytesPerSec" : 0.11123268942266142
  },
  "Delete_Tasks" : {
    "transaction" : "Delete_Tasks",
    "sampleCount" : 43,
    "errorCount" : 4,
    "errorPct" : 9.302325,
    "meanResTime" : 28419.790697674416,
    "medianResTime" : 26133.0,
    "minResTime" : 14.0,
    "maxResTime" : 81761.0,
    "pct1ResTime" : 81209.4,
    "pct2ResTime" : 81258.2,
    "pct3ResTime" : 81761.0,
    "throughput" : 0.3514048019874802,
    "receivedKBytesPerSec" : 0.14560729951538826,
    "sentKBytesPerSec" : 0.07236870331628066
  },
  "Update_Tasks" : {
    "transaction" : "Update_Tasks",
    "sampleCount" : 88,
    "errorCount" : 6,
    "errorPct" : 6.818182,
    "meanResTime" : 21644.181818181816,
    "medianResTime" : 4970.0,
    "minResTime" : 7.0,
    "maxResTime" : 92146.0,
    "pct1ResTime" : 79884.3,
    "pct2ResTime" : 81172.4,
    "pct3ResTime" : 92146.0,
    "throughput" : 0.6932245180907967,
    "receivedKBytesPerSec" : 0.3748452799681747,
    "sentKBytesPerSec" : 0.2433270985796775
  },
  "Get_Users" : {
    "transaction" : "Get_Users",
    "sampleCount" : 1027,
    "errorCount" : 9,
    "errorPct" : 0.87633884,
    "meanResTime" : 35265.8081791626,
    "medianResTime" : 30434.0,
    "minResTime" : 1892.0,
    "maxResTime" : 92881.0,
    "pct1ResTime" : 66609.80000000002,
    "pct2ResTime" : 71698.6,
    "pct3ResTime" : 80887.08000000002,
    "throughput" : 7.471318720491201,
    "receivedKBytesPerSec" : 275.4546568772325,
    "sentKBytesPerSec" : 1.4826153844055319
  },
  "Get_Tasks" : {
    "transaction" : "Get_Tasks",
    "sampleCount" : 757,
    "errorCount" : 211,
    "errorPct" : 27.873184,
    "meanResTime" : 35959.84147952444,
    "medianResTime" : 48703.0,
    "minResTime" : 5.0,
    "maxResTime" : 110683.0,
    "pct1ResTime" : 74967.0,
    "pct2ResTime" : 76302.9,
    "pct3ResTime" : 85366.13999999996,
    "throughput" : 5.683439193957686,
    "receivedKBytesPerSec" : 113.00626048752197,
    "sentKBytesPerSec" : 0.8221604271776507
  },
  "Post_Tasks" : {
    "transaction" : "Post_Tasks",
    "sampleCount" : 203,
    "errorCount" : 19,
    "errorPct" : 9.359606,
    "meanResTime" : 28388.50738916257,
    "medianResTime" : 26152.0,
    "minResTime" : 5.0,
    "maxResTime" : 83139.0,
    "pct1ResTime" : 79782.6,
    "pct2ResTime" : 81226.8,
    "pct3ResTime" : 83043.08000000002,
    "throughput" : 1.5395466300613543,
    "receivedKBytesPerSec" : 0.9192827622917251,
    "sentKBytesPerSec" : 0.5178431937629402
  }
}