{
  "Total" : {
    "transaction" : "Total",
    "sampleCount" : 61478,
    "errorCount" : 3045,
    "errorPct" : 4.9529915,
    "meanResTime" : 2624.1181560883706,
    "medianResTime" : 1166.0,
    "minResTime" : 277.0,
    "maxResTime" : 1325196.0,
    "pct1ResTime" : 8521.900000000001,
    "pct2ResTime" : 11533.850000000002,
    "pct3ResTime" : 23246.970000000005,
    "throughput" : 30.023436427895746,
    "receivedKBytesPerSec" : 93.17040174562075,
    "sentKBytesPerSec" : 3.0934576245795826
  },
  "HTTP Request" : {
    "transaction" : "HTTP Request",
    "sampleCount" : 61478,
    "errorCount" : 3045,
    "errorPct" : 4.9529915,
    "meanResTime" : 2624.1181560883706,
    "medianResTime" : 1166.0,
    "minResTime" : 277.0,
    "maxResTime" : 1325196.0,
    "pct1ResTime" : 8521.900000000001,
    "pct2ResTime" : 11533.850000000002,
    "pct3ResTime" : 23246.970000000005,
    "throughput" : 30.023436427895746,
    "receivedKBytesPerSec" : 93.17040174562075,
    "sentKBytesPerSec" : 3.0934576245795826
  }
}