{
  "Total" : {
    "transaction" : "Total",
    "sampleCount" : 44916,
    "errorCount" : 2202,
    "errorPct" : 4.9024844,
    "meanResTime" : 2693.3466916021175,
    "medianResTime" : 1177.0,
    "minResTime" : 273.0,
    "maxResTime" : 1325180.0,
    "pct1ResTime" : 9635.900000000001,
    "pct2ResTime" : 11839.500000000007,
    "pct3ResTime" : 23671.0,
    "throughput" : 21.936932052946364,
    "receivedKBytesPerSec" : 68.09642838806089,
    "sentKBytesPerSec" : 2.2616162548791063
  },
  "HTTP Request" : {
    "transaction" : "HTTP Request",
    "sampleCount" : 44916,
    "errorCount" : 2202,
    "errorPct" : 4.9024844,
    "meanResTime" : 2693.3466916021175,
    "medianResTime" : 1177.0,
    "minResTime" : 273.0,
    "maxResTime" : 1325180.0,
    "pct1ResTime" : 9635.900000000001,
    "pct2ResTime" : 11839.500000000007,
    "pct3ResTime" : 23671.0,
    "throughput" : 21.936932052946364,
    "receivedKBytesPerSec" : 68.09642838806089,
    "sentKBytesPerSec" : 2.2616162548791063
  }
}