{
  "Post_Users" : {
    "transaction" : "Post_Users",
    "sampleCount" : 1134,
    "errorCount" : 7,
    "errorPct" : 0.61728394,
    "meanResTime" : 468.52733686066983,
    "medianResTime" : 55.0,
    "minResTime" : 2.0,
    "maxResTime" : 5173.0,
    "pct1ResTime" : 1550.5,
    "pct2ResTime" : 2207.75,
    "pct3ResTime" : 3209.950000000002,
    "throughput" : 7.806261530412755,
    "receivedKBytesPerSec" : 3.0893197185546715,
    "sentKBytesPerSec" : 2.6819906784357186
  },
  "Debug Sampler" : {
    "transaction" : "Debug Sampler",
    "sampleCount" : 2252,
    "errorCount" : 0,
    "errorPct" : 0.0,
    "meanResTime" : 0.028863232682060466,
    "medianResTime" : 0.0,
    "minResTime" : 0.0,
    "maxResTime" : 29.0,
    "pct1ResTime" : 0.0,
    "pct2ResTime" : 0.0,
    "pct3ResTime" : 1.0,
    "throughput" : 15.508253393291234,
    "receivedKBytesPerSec" : 5.985671156335865,
    "sentKBytesPerSec" : 0.0
  },
  "Update_Users" : {
    "transaction" : "Update_Users",
    "sampleCount" : 1127,
    "errorCount" : 1,
    "errorPct" : 0.08873115,
    "meanResTime" : 184.125110913931,
    "medianResTime" : 14.0,
    "minResTime" : 3.0,
    "maxResTime" : 4226.0,
    "pct1ResTime" : 569.2,
    "pct2ResTime" : 1206.7999999999993,
    "pct3ResTime" : 2611.8800000000037,
    "throughput" : 7.758341766313514,
    "receivedKBytesPerSec" : 2.9476506082932334,
    "sentKBytesPerSec" : 2.6872729334035506
  },
  "Total" : {
    "transaction" : "Total",
    "sampleCount" : 11347,
    "errorCount" : 2298,
    "errorPct" : 20.252048,
    "meanResTime" : 510.79025293028883,
    "medianResTime" : 15.0,
    "minResTime" : 0.0,
    "maxResTime" : 9893.0,
    "pct1ResTime" : 1934.4000000000015,
    "pct2ResTime" : 3216.0,
    "pct3ResTime" : 5350.52,
    "throughput" : 77.96107099424927,
    "receivedKBytesPerSec" : 1737.9901136424146,
    "sentKBytesPerSec" : 17.835565734350418
  },
  "Delete_Users" : {
    "transaction" : "Delete_Users",
    "sampleCount" : 1125,
    "errorCount" : 1125,
    "errorPct" : 100.0,
    "meanResTime" : 180.9973333333334,
    "medianResTime" : 15.0,
    "minResTime" : 4.0,
    "maxResTime" : 5745.0,
    "pct1ResTime" : 431.5999999999998,
    "pct2ResTime" : 1005.0,
    "pct3ResTime" : 3500.34,
    "throughput" : 7.746600103288001,
    "receivedKBytesPerSec" : 1.4617874741779997,
    "sentKBytesPerSec" : 1.7686456360819418
  },
  "Delete_Tasks" : {
    "transaction" : "Delete_Tasks",
    "sampleCount" : 1124,
    "errorCount" : 1124,
    "errorPct" : 100.0,
    "meanResTime" : 152.76245551601423,
    "medianResTime" : 14.0,
    "minResTime" : 4.0,
    "maxResTime" : 4419.0,
    "pct1ResTime" : 424.5,
    "pct2ResTime" : 895.25,
    "pct3ResTime" : 2657.25,
    "throughput" : 7.970500638207347,
    "receivedKBytesPerSec" : 1.486685177634378,
    "sentKBytesPerSec" : 1.8213839349028504
  },
  "Update_Tasks" : {
    "transaction" : "Update_Tasks",
    "sampleCount" : 1126,
    "errorCount" : 1,
    "errorPct" : 0.088809945,
    "meanResTime" : 170.07460035523985,
    "medianResTime" : 13.0,
    "minResTime" : 4.0,
    "maxResTime" : 4954.0,
    "pct1ResTime" : 472.2000000000003,
    "pct2ResTime" : 984.4999999999986,
    "pct3ResTime" : 2970.270000000002,
    "throughput" : 7.753806320109628,
    "receivedKBytesPerSec" : 3.029160106890283,
    "sentKBytesPerSec" : 2.927791118500334
  },
  "Get_Users" : {
    "transaction" : "Get_Users",
    "sampleCount" : 1174,
    "errorCount" : 16,
    "errorPct" : 1.362862,
    "meanResTime" : 3015.910562180581,
    "medianResTime" : 2863.0,
    "minResTime" : 209.0,
    "maxResTime" : 9893.0,
    "pct1ResTime" : 5295.0,
    "pct2ResTime" : 6209.0,
    "pct3ResTime" : 7334.5,
    "throughput" : 8.066122970586822,
    "receivedKBytesPerSec" : 1060.0707884523556,
    "sentKBytesPerSec" : 1.5927925128996132
  },
  "Get_Tasks" : {
    "transaction" : "Get_Tasks",
    "sampleCount" : 1158,
    "errorCount" : 24,
    "errorPct" : 2.0725389,
    "meanResTime" : 544.7461139896376,
    "medianResTime" : 91.5,
    "minResTime" : 3.0,
    "maxResTime" : 5420.0,
    "pct1ResTime" : 1865.2000000000016,
    "pct2ResTime" : 2416.1499999999996,
    "pct3ResTime" : 3504.0600000000054,
    "throughput" : 7.970869843542426,
    "receivedKBytesPerSec" : 658.2107410030872,
    "sentKBytesPerSec" : 1.5626586387227335
  },
  "Post_Tasks" : {
    "transaction" : "Post_Tasks",
    "sampleCount" : 1127,
    "errorCount" : 0,
    "errorPct" : 0.0,
    "meanResTime" : 282.8101153504878,
    "medianResTime" : 14.0,
    "minResTime" : 2.0,
    "maxResTime" : 6539.0,
    "pct1ResTime" : 1005.6000000000001,
    "pct2ResTime" : 1767.599999999999,
    "pct3ResTime" : 2894.0400000000036,
    "throughput" : 7.760799355447364,
    "receivedKBytesPerSec" : 3.0088255313599643,
    "sentKBytesPerSec" : 2.8799841358105454
  }
}